<service>
  <id>xTendUtilityService</id>
  <name>xTend Utility Service</name>
  <description>This service provides system utility functions for use by Killer xTend.</description>
  <env name="XTEND_HOME" value="%BASE%"/>
  <executable>xTendUtility.exe</executable>
  <arguments></arguments>
  <logmode>rotate</logmode>
  <startmode>Automatic</startmode>
  <depend>WlanSvc</depend>
  <depend>Netman</depend>
  <depend>NetSetupSvc</depend>
  <delaystart>false</delaystart>
  <onfailure action="restart" delay="2 sec"/>
  <onfailure action="restart" delay="2 sec"/>
  <onfailure action="restart" delay="2 sec"/>
</service>